
{
    "region" : "us-west-2",
    "configuration" : "Debug",
    "framework"     : "net6.0",
    "self-contained" : false,
    "application"    : "AuthorizationMicroservice",
    "environment"    : "AuthorizationMicroservice-dev",
    "enable-xray"    : false,
    "enhanced-health-type" : "basic",
    "additional-options"   : "\"aws:autoscaling:launchconfiguration,SecurityGroups\"=\"sg-0a2a3e591e89c6611\";\"aws:ec2:vpc,Subnets\"=\"subnet-0f15e58b4511e6cff\"",
    "solution-stack"       : "64bit Amazon Linux 2 v2.3.3 running .NET Core",
    "environment-type"     : "SingleInstance",
    "cname"                : "authorizationmicroservice-dev",
    "instance-type"        : "t3a.medium",
    "key-pair"             : "2113403-KEYPAIR",
    "instance-profile"     : "aws-elasticbeanstalk-ec2-role",
    "service-role"         : "apismapleapplication-RecipeBeanstalkServiceRole62B-HCQVI8R0ZOFL",
    "proxy-server"         : "nginx"
}